case_id,npz_path,mhd_path,z,y,x,spacing_z,spacing_y,spacing_x
subset0/1.3.6.1.4.1.14519.5.2.1.6279.6001.105756658031515062000744821260,data/drp_pairs/npz/subset0__1.3.6.1.4.1.14519.5.2.1.6279.6001.105756658031515062000744821260.npz,data/luna16/subset0/subset0/1.3.6.1.4.1.14519.5.2.1.6279.6001.105756658031515062000744821260.mhd,96,256,256,2.5,0.7617189884185791,0.7617189884185791
subset0/1.3.6.1.4.1.14519.5.2.1.6279.6001.108197895896446896160048741492,data/drp_pairs/npz/subset0__1.3.6.1.4.1.14519.5.2.1.6279.6001.108197895896446896160048741492.npz,data/luna16/subset0/subset0/1.3.6.1.4.1.14519.5.2.1.6279.6001.108197895896446896160048741492.mhd,96,256,256,2.5,0.7421879768371582,0.7421879768371582
subset0/1.3.6.1.4.1.14519.5.2.1.6279.6001.109002525524522225658609808059,data/drp_pairs/npz/subset0__1.3.6.1.4.1.14519.5.2.1.6279.6001.109002525524522225658609808059.npz,data/luna16/subset0/subset0/1.3.6.1.4.1.14519.5.2.1.6279.6001.109002525524522225658609808059.mhd,96,256,256,1.25,0.5488280057907104,0.5488280057907104
subset0/1.3.6.1.4.1.14519.5.2.1.6279.6001.111172165674661221381920536987,data/drp_pairs/npz/subset0__1.3.6.1.4.1.14519.5.2.1.6279.6001.111172165674661221381920536987.npz,data/luna16/subset0/subset0/1.3.6.1.4.1.14519.5.2.1.6279.6001.111172165674661221381920536987.mhd,96,256,256,0.625,0.7421879768371582,0.7421879768371582
subset0/1.3.6.1.4.1.14519.5.2.1.6279.6001.122763913896761494371822656720,data/drp_pairs/npz/subset0__1.3.6.1.4.1.14519.5.2.1.6279.6001.122763913896761494371822656720.npz,data/luna16/subset0/subset0/1.3.6.1.4.1.14519.5.2.1.6279.6001.122763913896761494371822656720.mhd,96,256,256,2.5,0.6152340173721313,0.6152340173721313
subset0/1.3.6.1.4.1.14519.5.2.1.6279.6001.124154461048929153767743874565,data/drp_pairs/npz/subset0__1.3.6.1.4.1.14519.5.2.1.6279.6001.124154461048929153767743874565.npz,data/luna16/subset0/subset0/1.3.6.1.4.1.14519.5.2.1.6279.6001.124154461048929153767743874565.mhd,96,256,256,1.7999999523162842,0.72265625,0.72265625
subset0/1.3.6.1.4.1.14519.5.2.1.6279.6001.126121460017257137098781143514,data/drp_pairs/npz/subset0__1.3.6.1.4.1.14519.5.2.1.6279.6001.126121460017257137098781143514.npz,data/luna16/subset0/subset0/1.3.6.1.4.1.14519.5.2.1.6279.6001.126121460017257137098781143514.mhd,96,256,256,2.5,0.5566409826278687,0.5566409826278687
subset0/1.3.6.1.4.1.14519.5.2.1.6279.6001.126264578931778258890371755354,data/drp_pairs/npz/subset0__1.3.6.1.4.1.14519.5.2.1.6279.6001.126264578931778258890371755354.npz,data/luna16/subset0/subset0/1.3.6.1.4.1.14519.5.2.1.6279.6001.126264578931778258890371755354.mhd,96,256,256,0.5,0.607421875,0.607421875
subset0/1.3.6.1.4.1.14519.5.2.1.6279.6001.128023902651233986592378348912,data/drp_pairs/npz/subset0__1.3.6.1.4.1.14519.5.2.1.6279.6001.128023902651233986592378348912.npz,data/luna16/subset0/subset0/1.3.6.1.4.1.14519.5.2.1.6279.6001.128023902651233986592378348912.mhd,96,256,256,2.5,0.703125,0.703125
subset0/1.3.6.1.4.1.14519.5.2.1.6279.6001.129055977637338639741695800950,data/drp_pairs/npz/subset0__1.3.6.1.4.1.14519.5.2.1.6279.6001.129055977637338639741695800950.npz,data/luna16/subset0/subset0/1.3.6.1.4.1.14519.5.2.1.6279.6001.129055977637338639741695800950.mhd,96,256,256,0.699999988079071,0.6171875,0.6171875
subset0/1.3.6.1.4.1.14519.5.2.1.6279.6001.130438550890816550994739120843,data/drp_pairs/npz/subset0__1.3.6.1.4.1.14519.5.2.1.6279.6001.130438550890816550994739120843.npz,data/luna16/subset0/subset0/1.3.6.1.4.1.14519.5.2.1.6279.6001.130438550890816550994739120843.mhd,96,256,256,1.25,0.6152340173721313,0.6152340173721313
subset0/1.3.6.1.4.1.14519.5.2.1.6279.6001.134996872583497382954024478441,data/drp_pairs/npz/subset0__1.3.6.1.4.1.14519.5.2.1.6279.6001.134996872583497382954024478441.npz,data/luna16/subset0/subset0/1.3.6.1.4.1.14519.5.2.1.6279.6001.134996872583497382954024478441.mhd,96,256,256,1.25,0.859375,0.859375
subset0/1.3.6.1.4.1.14519.5.2.1.6279.6001.137763212752154081977261297097,data/drp_pairs/npz/subset0__1.3.6.1.4.1.14519.5.2.1.6279.6001.137763212752154081977261297097.npz,data/luna16/subset0/subset0/1.3.6.1.4.1.14519.5.2.1.6279.6001.137763212752154081977261297097.mhd,96,256,256,1.0,0.7421875,0.7421875
subset0/1.3.6.1.4.1.14519.5.2.1.6279.6001.138080888843357047811238713686,data/drp_pairs/npz/subset0__1.3.6.1.4.1.14519.5.2.1.6279.6001.138080888843357047811238713686.npz,data/luna16/subset0/subset0/1.3.6.1.4.1.14519.5.2.1.6279.6001.138080888843357047811238713686.mhd,96,256,256,1.0,0.681640625,0.681640625
subset0/1.3.6.1.4.1.14519.5.2.1.6279.6001.139258777898746693365877042411,data/drp_pairs/npz/subset0__1.3.6.1.4.1.14519.5.2.1.6279.6001.139258777898746693365877042411.npz,data/luna16/subset0/subset0/1.3.6.1.4.1.14519.5.2.1.6279.6001.139258777898746693365877042411.mhd,96,256,256,0.5,0.513671875,0.513671875
subset0/1.3.6.1.4.1.14519.5.2.1.6279.6001.139713436241461669335487719526,data/drp_pairs/npz/subset0__1.3.6.1.4.1.14519.5.2.1.6279.6001.139713436241461669335487719526.npz,data/luna16/subset0/subset0/1.3.6.1.4.1.14519.5.2.1.6279.6001.139713436241461669335487719526.mhd,96,256,256,2.5,0.7226560115814209,0.7226560115814209
subset0/1.3.6.1.4.1.14519.5.2.1.6279.6001.141069661700670042960678408762,data/drp_pairs/npz/subset0__1.3.6.1.4.1.14519.5.2.1.6279.6001.141069661700670042960678408762.npz,data/luna16/subset0/subset0/1.3.6.1.4.1.14519.5.2.1.6279.6001.141069661700670042960678408762.mhd,96,256,256,1.0,0.572265625,0.572265625
subset0/1.3.6.1.4.1.14519.5.2.1.6279.6001.144438612068946916340281098509,data/drp_pairs/npz/subset0__1.3.6.1.4.1.14519.5.2.1.6279.6001.144438612068946916340281098509.npz,data/luna16/subset0/subset0/1.3.6.1.4.1.14519.5.2.1.6279.6001.144438612068946916340281098509.mhd,96,256,256,2.0,0.6640620231628418,0.6640620231628418
subset0/1.3.6.1.4.1.14519.5.2.1.6279.6001.146429221666426688999739595820,data/drp_pairs/npz/subset0__1.3.6.1.4.1.14519.5.2.1.6279.6001.146429221666426688999739595820.npz,data/luna16/subset0/subset0/1.3.6.1.4.1.14519.5.2.1.6279.6001.146429221666426688999739595820.mhd,96,256,256,0.5,0.73046875,0.73046875
subset0/1.3.6.1.4.1.14519.5.2.1.6279.6001.154677396354641150280013275227,data/drp_pairs/npz/subset0__1.3.6.1.4.1.14519.5.2.1.6279.6001.154677396354641150280013275227.npz,data/luna16/subset0/subset0/1.3.6.1.4.1.14519.5.2.1.6279.6001.154677396354641150280013275227.mhd,96,256,256,1.0,0.78125,0.78125
subset0/1.3.6.1.4.1.14519.5.2.1.6279.6001.187451715205085403623595258748,data/drp_pairs/npz/subset0__1.3.6.1.4.1.14519.5.2.1.6279.6001.187451715205085403623595258748.npz,data/luna16/subset0/subset0/1.3.6.1.4.1.14519.5.2.1.6279.6001.187451715205085403623595258748.mhd,96,256,256,2.5,0.703125,0.703125
subset0/1.3.6.1.4.1.14519.5.2.1.6279.6001.188209889686363159853715266493,data/drp_pairs/npz/subset0__1.3.6.1.4.1.14519.5.2.1.6279.6001.188209889686363159853715266493.npz,data/luna16/subset0/subset0/1.3.6.1.4.1.14519.5.2.1.6279.6001.188209889686363159853715266493.mhd,96,256,256,2.5,0.7421879768371582,0.7421879768371582
subset0/1.3.6.1.4.1.14519.5.2.1.6279.6001.188376349804761988217597754952,data/drp_pairs/npz/subset0__1.3.6.1.4.1.14519.5.2.1.6279.6001.188376349804761988217597754952.npz,data/luna16/subset0/subset0/1.3.6.1.4.1.14519.5.2.1.6279.6001.188376349804761988217597754952.mhd,96,256,256,1.0,0.78125,0.78125
subset0/1.3.6.1.4.1.14519.5.2.1.6279.6001.194440094986948071643661798326,data/drp_pairs/npz/subset0__1.3.6.1.4.1.14519.5.2.1.6279.6001.194440094986948071643661798326.npz,data/luna16/subset0/subset0/1.3.6.1.4.1.14519.5.2.1.6279.6001.194440094986948071643661798326.mhd,96,256,256,1.7999999523162842,0.7421875,0.7421875
subset0/1.3.6.1.4.1.14519.5.2.1.6279.6001.194465340552956447447896167830,data/drp_pairs/npz/subset0__1.3.6.1.4.1.14519.5.2.1.6279.6001.194465340552956447447896167830.npz,data/luna16/subset0/subset0/1.3.6.1.4.1.14519.5.2.1.6279.6001.194465340552956447447896167830.mhd,96,256,256,2.5,0.6972659826278687,0.6972659826278687
subset0/1.3.6.1.4.1.14519.5.2.1.6279.6001.202811684116768680758082619196,data/drp_pairs/npz/subset0__1.3.6.1.4.1.14519.5.2.1.6279.6001.202811684116768680758082619196.npz,data/luna16/subset0/subset0/1.3.6.1.4.1.14519.5.2.1.6279.6001.202811684116768680758082619196.mhd,96,256,256,2.5,0.9765620231628418,0.9765620231628418
subset0/1.3.6.1.4.1.14519.5.2.1.6279.6001.210837812047373739447725050963,data/drp_pairs/npz/subset0__1.3.6.1.4.1.14519.5.2.1.6279.6001.210837812047373739447725050963.npz,data/luna16/subset0/subset0/1.3.6.1.4.1.14519.5.2.1.6279.6001.210837812047373739447725050963.mhd,96,256,256,1.7999999523162842,0.68359375,0.68359375
subset0/1.3.6.1.4.1.14519.5.2.1.6279.6001.213140617640021803112060161074,data/drp_pairs/npz/subset0__1.3.6.1.4.1.14519.5.2.1.6279.6001.213140617640021803112060161074.npz,data/luna16/subset0/subset0/1.3.6.1.4.1.14519.5.2.1.6279.6001.213140617640021803112060161074.mhd,96,256,256,1.0,0.6171875,0.6171875
subset0/1.3.6.1.4.1.14519.5.2.1.6279.6001.216882370221919561230873289517,data/drp_pairs/npz/subset0__1.3.6.1.4.1.14519.5.2.1.6279.6001.216882370221919561230873289517.npz,data/luna16/subset0/subset0/1.3.6.1.4.1.14519.5.2.1.6279.6001.216882370221919561230873289517.mhd,96,256,256,1.25,0.6542969942092896,0.6542969942092896
subset0/1.3.6.1.4.1.14519.5.2.1.6279.6001.219087313261026510628926082729,data/drp_pairs/npz/subset0__1.3.6.1.4.1.14519.5.2.1.6279.6001.219087313261026510628926082729.npz,data/luna16/subset0/subset0/1.3.6.1.4.1.14519.5.2.1.6279.6001.219087313261026510628926082729.mhd,96,256,256,1.0,0.61328125,0.61328125
subset0/1.3.6.1.4.1.14519.5.2.1.6279.6001.219909753224298157409438012179,data/drp_pairs/npz/subset0__1.3.6.1.4.1.14519.5.2.1.6279.6001.219909753224298157409438012179.npz,data/luna16/subset0/subset0/1.3.6.1.4.1.14519.5.2.1.6279.6001.219909753224298157409438012179.mhd,96,256,256,2.5,0.625,0.625
subset0/1.3.6.1.4.1.14519.5.2.1.6279.6001.227962600322799211676960828223,data/drp_pairs/npz/subset0__1.3.6.1.4.1.14519.5.2.1.6279.6001.227962600322799211676960828223.npz,data/luna16/subset0/subset0/1.3.6.1.4.1.14519.5.2.1.6279.6001.227962600322799211676960828223.mhd,96,256,256,1.25,0.6933590173721313,0.6933590173721313
subset0/1.3.6.1.4.1.14519.5.2.1.6279.6001.231645134739451754302647733304,data/drp_pairs/npz/subset0__1.3.6.1.4.1.14519.5.2.1.6279.6001.231645134739451754302647733304.npz,data/luna16/subset0/subset0/1.3.6.1.4.1.14519.5.2.1.6279.6001.231645134739451754302647733304.mhd,96,256,256,1.25,0.6542969942092896,0.6542969942092896
subset0/1.3.6.1.4.1.14519.5.2.1.6279.6001.238522526736091851696274044574,data/drp_pairs/npz/subset0__1.3.6.1.4.1.14519.5.2.1.6279.6001.238522526736091851696274044574.npz,data/luna16/subset0/subset0/1.3.6.1.4.1.14519.5.2.1.6279.6001.238522526736091851696274044574.mhd,96,256,256,1.7999999523162842,0.6640625,0.6640625
subset0/1.3.6.1.4.1.14519.5.2.1.6279.6001.241570579760883349458693655367,data/drp_pairs/npz/subset0__1.3.6.1.4.1.14519.5.2.1.6279.6001.241570579760883349458693655367.npz,data/luna16/subset0/subset0/1.3.6.1.4.1.14519.5.2.1.6279.6001.241570579760883349458693655367.mhd,96,256,256,1.0,0.611328125,0.611328125
subset0/1.3.6.1.4.1.14519.5.2.1.6279.6001.249530219848512542668813996730,data/drp_pairs/npz/subset0__1.3.6.1.4.1.14519.5.2.1.6279.6001.249530219848512542668813996730.npz,data/luna16/subset0/subset0/1.3.6.1.4.1.14519.5.2.1.6279.6001.249530219848512542668813996730.mhd,96,256,256,0.625,0.6054689884185791,0.6054689884185791
subset0/1.3.6.1.4.1.14519.5.2.1.6279.6001.250438451287314206124484591986,data/drp_pairs/npz/subset0__1.3.6.1.4.1.14519.5.2.1.6279.6001.250438451287314206124484591986.npz,data/luna16/subset0/subset0/1.3.6.1.4.1.14519.5.2.1.6279.6001.250438451287314206124484591986.mhd,96,256,256,1.25,0.6210939884185791,0.6210939884185791
subset0/1.3.6.1.4.1.14519.5.2.1.6279.6001.250863365157630276148828903732,data/drp_pairs/npz/subset0__1.3.6.1.4.1.14519.5.2.1.6279.6001.250863365157630276148828903732.npz,data/luna16/subset0/subset0/1.3.6.1.4.1.14519.5.2.1.6279.6001.250863365157630276148828903732.mhd,96,256,256,1.25,0.9492189884185791,0.9492189884185791
subset0/1.3.6.1.4.1.14519.5.2.1.6279.6001.269689294231892620436462818860,data/drp_pairs/npz/subset0__1.3.6.1.4.1.14519.5.2.1.6279.6001.269689294231892620436462818860.npz,data/luna16/subset0/subset0/1.3.6.1.4.1.14519.5.2.1.6279.6001.269689294231892620436462818860.mhd,96,256,256,2.5,0.6171879768371582,0.6171879768371582
subset0/1.3.6.1.4.1.14519.5.2.1.6279.6001.272042302501586336192628818865,data/drp_pairs/npz/subset0__1.3.6.1.4.1.14519.5.2.1.6279.6001.272042302501586336192628818865.npz,data/luna16/subset0/subset0/1.3.6.1.4.1.14519.5.2.1.6279.6001.272042302501586336192628818865.mhd,96,256,256,1.0,0.7109375,0.7109375
subset0/1.3.6.1.4.1.14519.5.2.1.6279.6001.277445975068759205899107114231,data/drp_pairs/npz/subset0__1.3.6.1.4.1.14519.5.2.1.6279.6001.277445975068759205899107114231.npz,data/luna16/subset0/subset0/1.3.6.1.4.1.14519.5.2.1.6279.6001.277445975068759205899107114231.mhd,96,256,256,1.7999999523162842,0.7421875,0.7421875
subset0/1.3.6.1.4.1.14519.5.2.1.6279.6001.278660284797073139172446973682,data/drp_pairs/npz/subset0__1.3.6.1.4.1.14519.5.2.1.6279.6001.278660284797073139172446973682.npz,data/luna16/subset0/subset0/1.3.6.1.4.1.14519.5.2.1.6279.6001.278660284797073139172446973682.mhd,96,256,256,2.5,0.6640620231628418,0.6640620231628418
subset0/1.3.6.1.4.1.14519.5.2.1.6279.6001.280972147860943609388015648430,data/drp_pairs/npz/subset0__1.3.6.1.4.1.14519.5.2.1.6279.6001.280972147860943609388015648430.npz,data/luna16/subset0/subset0/1.3.6.1.4.1.14519.5.2.1.6279.6001.280972147860943609388015648430.mhd,96,256,256,2.5,0.78125,0.78125
subset0/1.3.6.1.4.1.14519.5.2.1.6279.6001.281489753704424911132261151767,data/drp_pairs/npz/subset0__1.3.6.1.4.1.14519.5.2.1.6279.6001.281489753704424911132261151767.npz,data/luna16/subset0/subset0/1.3.6.1.4.1.14519.5.2.1.6279.6001.281489753704424911132261151767.mhd,96,256,256,0.625,0.5859379768371582,0.5859379768371582
subset0/1.3.6.1.4.1.14519.5.2.1.6279.6001.293757615532132808762625441831,data/drp_pairs/npz/subset0__1.3.6.1.4.1.14519.5.2.1.6279.6001.293757615532132808762625441831.npz,data/luna16/subset0/subset0/1.3.6.1.4.1.14519.5.2.1.6279.6001.293757615532132808762625441831.mhd,96,256,256,0.625,0.78125,0.78125
subset0/1.3.6.1.4.1.14519.5.2.1.6279.6001.294188507421106424248264912111,data/drp_pairs/npz/subset0__1.3.6.1.4.1.14519.5.2.1.6279.6001.294188507421106424248264912111.npz,data/luna16/subset0/subset0/1.3.6.1.4.1.14519.5.2.1.6279.6001.294188507421106424248264912111.mhd,96,256,256,1.25,0.5859379768371582,0.5859379768371582
subset0/1.3.6.1.4.1.14519.5.2.1.6279.6001.295298571102631191572192562523,data/drp_pairs/npz/subset0__1.3.6.1.4.1.14519.5.2.1.6279.6001.295298571102631191572192562523.npz,data/luna16/subset0/subset0/1.3.6.1.4.1.14519.5.2.1.6279.6001.295298571102631191572192562523.mhd,96,256,256,1.25,0.703125,0.703125
subset0/1.3.6.1.4.1.14519.5.2.1.6279.6001.295420274214095686326263147663,data/drp_pairs/npz/subset0__1.3.6.1.4.1.14519.5.2.1.6279.6001.295420274214095686326263147663.npz,data/luna16/subset0/subset0/1.3.6.1.4.1.14519.5.2.1.6279.6001.295420274214095686326263147663.mhd,96,256,256,1.2499998807907104,0.5253909826278687,0.5253909826278687
subset0/1.3.6.1.4.1.14519.5.2.1.6279.6001.302134342469412607966016057827,data/drp_pairs/npz/subset0__1.3.6.1.4.1.14519.5.2.1.6279.6001.302134342469412607966016057827.npz,data/luna16/subset0/subset0/1.3.6.1.4.1.14519.5.2.1.6279.6001.302134342469412607966016057827.mhd,96,256,256,0.625,0.703125,0.703125
subset0/1.3.6.1.4.1.14519.5.2.1.6279.6001.303421828981831854739626597495,data/drp_pairs/npz/subset0__1.3.6.1.4.1.14519.5.2.1.6279.6001.303421828981831854739626597495.npz,data/luna16/subset0/subset0/1.3.6.1.4.1.14519.5.2.1.6279.6001.303421828981831854739626597495.mhd,96,256,256,1.0,0.744140625,0.744140625
subset0/1.3.6.1.4.1.14519.5.2.1.6279.6001.305858704835252413616501469037,data/drp_pairs/npz/subset0__1.3.6.1.4.1.14519.5.2.1.6279.6001.305858704835252413616501469037.npz,data/luna16/subset0/subset0/1.3.6.1.4.1.14519.5.2.1.6279.6001.305858704835252413616501469037.mhd,96,256,256,1.0,0.681640625,0.681640625
subset0/1.3.6.1.4.1.14519.5.2.1.6279.6001.310548927038333190233889983845,data/drp_pairs/npz/subset0__1.3.6.1.4.1.14519.5.2.1.6279.6001.310548927038333190233889983845.npz,data/luna16/subset0/subset0/1.3.6.1.4.1.14519.5.2.1.6279.6001.310548927038333190233889983845.mhd,96,256,256,2.5,0.703125,0.703125
subset0/1.3.6.1.4.1.14519.5.2.1.6279.6001.310626494937915759224334597176,data/drp_pairs/npz/subset0__1.3.6.1.4.1.14519.5.2.1.6279.6001.310626494937915759224334597176.npz,data/luna16/subset0/subset0/1.3.6.1.4.1.14519.5.2.1.6279.6001.310626494937915759224334597176.mhd,96,256,256,2.5,0.5859379768371582,0.5859379768371582
subset0/1.3.6.1.4.1.14519.5.2.1.6279.6001.311981398931043315779172047718,data/drp_pairs/npz/subset0__1.3.6.1.4.1.14519.5.2.1.6279.6001.311981398931043315779172047718.npz,data/luna16/subset0/subset0/1.3.6.1.4.1.14519.5.2.1.6279.6001.311981398931043315779172047718.mhd,96,256,256,2.5,0.859375,0.859375
subset0/1.3.6.1.4.1.14519.5.2.1.6279.6001.313334055029671473836954456733,data/drp_pairs/npz/subset0__1.3.6.1.4.1.14519.5.2.1.6279.6001.313334055029671473836954456733.npz,data/luna16/subset0/subset0/1.3.6.1.4.1.14519.5.2.1.6279.6001.313334055029671473836954456733.mhd,96,256,256,2.5,0.703125,0.703125
subset0/1.3.6.1.4.1.14519.5.2.1.6279.6001.313605260055394498989743099991,data/drp_pairs/npz/subset0__1.3.6.1.4.1.14519.5.2.1.6279.6001.313605260055394498989743099991.npz,data/luna16/subset0/subset0/1.3.6.1.4.1.14519.5.2.1.6279.6001.313605260055394498989743099991.mhd,96,256,256,2.5,0.78125,0.78125
subset0/1.3.6.1.4.1.14519.5.2.1.6279.6001.313835996725364342034830119490,data/drp_pairs/npz/subset0__1.3.6.1.4.1.14519.5.2.1.6279.6001.313835996725364342034830119490.npz,data/luna16/subset0/subset0/1.3.6.1.4.1.14519.5.2.1.6279.6001.313835996725364342034830119490.mhd,96,256,256,0.625,0.703125,0.703125
subset0/1.3.6.1.4.1.14519.5.2.1.6279.6001.317087518531899043292346860596,data/drp_pairs/npz/subset0__1.3.6.1.4.1.14519.5.2.1.6279.6001.317087518531899043292346860596.npz,data/luna16/subset0/subset0/1.3.6.1.4.1.14519.5.2.1.6279.6001.317087518531899043292346860596.mhd,96,256,256,0.625,0.625,0.625
subset0/1.3.6.1.4.1.14519.5.2.1.6279.6001.323302986710576400812869264321,data/drp_pairs/npz/subset0__1.3.6.1.4.1.14519.5.2.1.6279.6001.323302986710576400812869264321.npz,data/luna16/subset0/subset0/1.3.6.1.4.1.14519.5.2.1.6279.6001.323302986710576400812869264321.mhd,96,256,256,2.0,0.703125,0.703125
subset0/1.3.6.1.4.1.14519.5.2.1.6279.6001.323859712968543712594665815359,data/drp_pairs/npz/subset0__1.3.6.1.4.1.14519.5.2.1.6279.6001.323859712968543712594665815359.npz,data/luna16/subset0/subset0/1.3.6.1.4.1.14519.5.2.1.6279.6001.323859712968543712594665815359.mhd,96,256,256,1.25,0.5957030057907104,0.5957030057907104
subset0/1.3.6.1.4.1.14519.5.2.1.6279.6001.332453873575389860371315979768,data/drp_pairs/npz/subset0__1.3.6.1.4.1.14519.5.2.1.6279.6001.332453873575389860371315979768.npz,data/luna16/subset0/subset0/1.3.6.1.4.1.14519.5.2.1.6279.6001.332453873575389860371315979768.mhd,96,256,256,1.7999999523162842,0.64453125,0.64453125
subset0/1.3.6.1.4.1.14519.5.2.1.6279.6001.333145094436144085379032922488,data/drp_pairs/npz/subset0__1.3.6.1.4.1.14519.5.2.1.6279.6001.333145094436144085379032922488.npz,data/luna16/subset0/subset0/1.3.6.1.4.1.14519.5.2.1.6279.6001.333145094436144085379032922488.mhd,96,256,256,2.5,0.78125,0.78125
subset0/1.3.6.1.4.1.14519.5.2.1.6279.6001.334517907433161353885866806005,data/drp_pairs/npz/subset0__1.3.6.1.4.1.14519.5.2.1.6279.6001.334517907433161353885866806005.npz,data/luna16/subset0/subset0/1.3.6.1.4.1.14519.5.2.1.6279.6001.334517907433161353885866806005.mhd,96,256,256,1.0000001192092896,0.67578125,0.67578125
subset0/1.3.6.1.4.1.14519.5.2.1.6279.6001.395623571499047043765181005112,data/drp_pairs/npz/subset0__1.3.6.1.4.1.14519.5.2.1.6279.6001.395623571499047043765181005112.npz,data/luna16/subset0/subset0/1.3.6.1.4.1.14519.5.2.1.6279.6001.395623571499047043765181005112.mhd,96,256,256,2.5,0.78125,0.78125
subset0/1.3.6.1.4.1.14519.5.2.1.6279.6001.397062004302272014259317520874,data/drp_pairs/npz/subset0__1.3.6.1.4.1.14519.5.2.1.6279.6001.397062004302272014259317520874.npz,data/luna16/subset0/subset0/1.3.6.1.4.1.14519.5.2.1.6279.6001.397062004302272014259317520874.mhd,96,256,256,1.0,0.78125,0.78125
subset0/1.3.6.1.4.1.14519.5.2.1.6279.6001.404364125369979066736354549484,data/drp_pairs/npz/subset0__1.3.6.1.4.1.14519.5.2.1.6279.6001.404364125369979066736354549484.npz,data/luna16/subset0/subset0/1.3.6.1.4.1.14519.5.2.1.6279.6001.404364125369979066736354549484.mhd,96,256,256,1.7999999523162842,0.5859375,0.5859375
subset0/1.3.6.1.4.1.14519.5.2.1.6279.6001.417815314896088956784723476543,data/drp_pairs/npz/subset0__1.3.6.1.4.1.14519.5.2.1.6279.6001.417815314896088956784723476543.npz,data/luna16/subset0/subset0/1.3.6.1.4.1.14519.5.2.1.6279.6001.417815314896088956784723476543.mhd,96,256,256,1.0,0.578125,0.578125
subset0/1.3.6.1.4.1.14519.5.2.1.6279.6001.430109407146633213496148200410,data/drp_pairs/npz/subset0__1.3.6.1.4.1.14519.5.2.1.6279.6001.430109407146633213496148200410.npz,data/luna16/subset0/subset0/1.3.6.1.4.1.14519.5.2.1.6279.6001.430109407146633213496148200410.mhd,96,256,256,0.5,0.63671875,0.63671875
subset0/1.3.6.1.4.1.14519.5.2.1.6279.6001.450501966058662668272378865145,data/drp_pairs/npz/subset0__1.3.6.1.4.1.14519.5.2.1.6279.6001.450501966058662668272378865145.npz,data/luna16/subset0/subset0/1.3.6.1.4.1.14519.5.2.1.6279.6001.450501966058662668272378865145.mhd,96,256,256,2.5,0.6445310115814209,0.6445310115814209
subset0/1.3.6.1.4.1.14519.5.2.1.6279.6001.511347030803753100045216493273,data/drp_pairs/npz/subset0__1.3.6.1.4.1.14519.5.2.1.6279.6001.511347030803753100045216493273.npz,data/luna16/subset0/subset0/1.3.6.1.4.1.14519.5.2.1.6279.6001.511347030803753100045216493273.mhd,96,256,256,2.5,0.703125,0.703125
subset0/1.3.6.1.4.1.14519.5.2.1.6279.6001.525937963993475482158828421281,data/drp_pairs/npz/subset0__1.3.6.1.4.1.14519.5.2.1.6279.6001.525937963993475482158828421281.npz,data/luna16/subset0/subset0/1.3.6.1.4.1.14519.5.2.1.6279.6001.525937963993475482158828421281.mhd,96,256,256,0.625,0.8203120231628418,0.8203120231628418
subset0/1.3.6.1.4.1.14519.5.2.1.6279.6001.534006575256943390479252771547,data/drp_pairs/npz/subset0__1.3.6.1.4.1.14519.5.2.1.6279.6001.534006575256943390479252771547.npz,data/luna16/subset0/subset0/1.3.6.1.4.1.14519.5.2.1.6279.6001.534006575256943390479252771547.mhd,96,256,256,0.625,0.7226560115814209,0.7226560115814209
subset0/1.3.6.1.4.1.14519.5.2.1.6279.6001.534083630500464995109143618896,data/drp_pairs/npz/subset0__1.3.6.1.4.1.14519.5.2.1.6279.6001.534083630500464995109143618896.npz,data/luna16/subset0/subset0/1.3.6.1.4.1.14519.5.2.1.6279.6001.534083630500464995109143618896.mhd,96,256,256,1.25,0.6542969942092896,0.6542969942092896
subset0/1.3.6.1.4.1.14519.5.2.1.6279.6001.564534197011295112247542153557,data/drp_pairs/npz/subset0__1.3.6.1.4.1.14519.5.2.1.6279.6001.564534197011295112247542153557.npz,data/luna16/subset0/subset0/1.3.6.1.4.1.14519.5.2.1.6279.6001.564534197011295112247542153557.mhd,96,256,256,1.25,0.9433590173721313,0.9433590173721313
subset0/1.3.6.1.4.1.14519.5.2.1.6279.6001.566816709786169715745131047975,data/drp_pairs/npz/subset0__1.3.6.1.4.1.14519.5.2.1.6279.6001.566816709786169715745131047975.npz,data/luna16/subset0/subset0/1.3.6.1.4.1.14519.5.2.1.6279.6001.566816709786169715745131047975.mhd,96,256,256,2.5,0.7421879768371582,0.7421879768371582
subset0/1.3.6.1.4.1.14519.5.2.1.6279.6001.621916089407825046337959219998,data/drp_pairs/npz/subset0__1.3.6.1.4.1.14519.5.2.1.6279.6001.621916089407825046337959219998.npz,data/luna16/subset0/subset0/1.3.6.1.4.1.14519.5.2.1.6279.6001.621916089407825046337959219998.mhd,96,256,256,2.5,0.859375,0.859375
subset0/1.3.6.1.4.1.14519.5.2.1.6279.6001.640729228179368154416184318668,data/drp_pairs/npz/subset0__1.3.6.1.4.1.14519.5.2.1.6279.6001.640729228179368154416184318668.npz,data/luna16/subset0/subset0/1.3.6.1.4.1.14519.5.2.1.6279.6001.640729228179368154416184318668.mhd,96,256,256,0.699999988079071,0.65234375,0.65234375
subset0/1.3.6.1.4.1.14519.5.2.1.6279.6001.657775098760536289051744981056,data/drp_pairs/npz/subset0__1.3.6.1.4.1.14519.5.2.1.6279.6001.657775098760536289051744981056.npz,data/luna16/subset0/subset0/1.3.6.1.4.1.14519.5.2.1.6279.6001.657775098760536289051744981056.mhd,96,256,256,2.5,0.6445310115814209,0.6445310115814209
subset0/1.3.6.1.4.1.14519.5.2.1.6279.6001.716498695101447665580610403574,data/drp_pairs/npz/subset0__1.3.6.1.4.1.14519.5.2.1.6279.6001.716498695101447665580610403574.npz,data/luna16/subset0/subset0/1.3.6.1.4.1.14519.5.2.1.6279.6001.716498695101447665580610403574.mhd,96,256,256,0.699999988079071,0.537109375,0.537109375
subset0/1.3.6.1.4.1.14519.5.2.1.6279.6001.724251104254976962355686318345,data/drp_pairs/npz/subset0__1.3.6.1.4.1.14519.5.2.1.6279.6001.724251104254976962355686318345.npz,data/luna16/subset0/subset0/1.3.6.1.4.1.14519.5.2.1.6279.6001.724251104254976962355686318345.mhd,96,256,256,0.75,0.638671875,0.638671875
subset0/1.3.6.1.4.1.14519.5.2.1.6279.6001.752756872840730509471096155114,data/drp_pairs/npz/subset0__1.3.6.1.4.1.14519.5.2.1.6279.6001.752756872840730509471096155114.npz,data/luna16/subset0/subset0/1.3.6.1.4.1.14519.5.2.1.6279.6001.752756872840730509471096155114.mhd,96,256,256,2.5,0.703125,0.703125
subset0/1.3.6.1.4.1.14519.5.2.1.6279.6001.805925269324902055566754756843,data/drp_pairs/npz/subset0__1.3.6.1.4.1.14519.5.2.1.6279.6001.805925269324902055566754756843.npz,data/luna16/subset0/subset0/1.3.6.1.4.1.14519.5.2.1.6279.6001.805925269324902055566754756843.mhd,96,256,256,2.5,0.8203120231628418,0.8203120231628418
subset0/1.3.6.1.4.1.14519.5.2.1.6279.6001.826812708000318290301835871780,data/drp_pairs/npz/subset0__1.3.6.1.4.1.14519.5.2.1.6279.6001.826812708000318290301835871780.npz,data/luna16/subset0/subset0/1.3.6.1.4.1.14519.5.2.1.6279.6001.826812708000318290301835871780.mhd,96,256,256,0.625,0.703125,0.703125
subset0/1.3.6.1.4.1.14519.5.2.1.6279.6001.832260670372728970918746541371,data/drp_pairs/npz/subset0__1.3.6.1.4.1.14519.5.2.1.6279.6001.832260670372728970918746541371.npz,data/luna16/subset0/subset0/1.3.6.1.4.1.14519.5.2.1.6279.6001.832260670372728970918746541371.mhd,96,256,256,2.5,0.8203120231628418,0.8203120231628418
subset0/1.3.6.1.4.1.14519.5.2.1.6279.6001.868211851413924881662621747734,data/drp_pairs/npz/subset0__1.3.6.1.4.1.14519.5.2.1.6279.6001.868211851413924881662621747734.npz,data/luna16/subset0/subset0/1.3.6.1.4.1.14519.5.2.1.6279.6001.868211851413924881662621747734.mhd,96,256,256,1.25,0.859375,0.859375
subset0/1.3.6.1.4.1.14519.5.2.1.6279.6001.898642529028521482602829374444,data/drp_pairs/npz/subset0__1.3.6.1.4.1.14519.5.2.1.6279.6001.898642529028521482602829374444.npz,data/luna16/subset0/subset0/1.3.6.1.4.1.14519.5.2.1.6279.6001.898642529028521482602829374444.mhd,96,256,256,1.0,0.5234375,0.5234375
subset0/1.3.6.1.4.1.14519.5.2.1.6279.6001.905371958588660410240398317235,data/drp_pairs/npz/subset0__1.3.6.1.4.1.14519.5.2.1.6279.6001.905371958588660410240398317235.npz,data/luna16/subset0/subset0/1.3.6.1.4.1.14519.5.2.1.6279.6001.905371958588660410240398317235.mhd,96,256,256,2.5,0.78125,0.78125
subset0/1.3.6.1.4.1.14519.5.2.1.6279.6001.975254950136384517744116790879,data/drp_pairs/npz/subset0__1.3.6.1.4.1.14519.5.2.1.6279.6001.975254950136384517744116790879.npz,data/luna16/subset0/subset0/1.3.6.1.4.1.14519.5.2.1.6279.6001.975254950136384517744116790879.mhd,96,256,256,2.5,0.5996090173721313,0.5996090173721313
subset0/1.3.6.1.4.1.14519.5.2.1.6279.6001.979083010707182900091062408058,data/drp_pairs/npz/subset0__1.3.6.1.4.1.14519.5.2.1.6279.6001.979083010707182900091062408058.npz,data/luna16/subset0/subset0/1.3.6.1.4.1.14519.5.2.1.6279.6001.979083010707182900091062408058.mhd,96,256,256,2.0,0.6640620231628418,0.6640620231628418
subset1/1.3.6.1.4.1.14519.5.2.1.6279.6001.100684836163890911914061745866,data/drp_pairs/npz/subset1__1.3.6.1.4.1.14519.5.2.1.6279.6001.100684836163890911914061745866.npz,data/luna16/subset1/subset1/1.3.6.1.4.1.14519.5.2.1.6279.6001.100684836163890911914061745866.mhd,96,256,256,1.7999999523162842,0.48828125,0.48828125
subset1/1.3.6.1.4.1.14519.5.2.1.6279.6001.104562737760173137525888934217,data/drp_pairs/npz/subset1__1.3.6.1.4.1.14519.5.2.1.6279.6001.104562737760173137525888934217.npz,data/luna16/subset1/subset1/1.3.6.1.4.1.14519.5.2.1.6279.6001.104562737760173137525888934217.mhd,96,256,256,1.0,0.830078125,0.830078125
subset1/1.3.6.1.4.1.14519.5.2.1.6279.6001.106719103982792863757268101375,data/drp_pairs/npz/subset1__1.3.6.1.4.1.14519.5.2.1.6279.6001.106719103982792863757268101375.npz,data/luna16/subset1/subset1/1.3.6.1.4.1.14519.5.2.1.6279.6001.106719103982792863757268101375.mhd,96,256,256,1.0,0.7421875,0.7421875
subset1/1.3.6.1.4.1.14519.5.2.1.6279.6001.108231420525711026834210228428,data/drp_pairs/npz/subset1__1.3.6.1.4.1.14519.5.2.1.6279.6001.108231420525711026834210228428.npz,data/luna16/subset1/subset1/1.3.6.1.4.1.14519.5.2.1.6279.6001.108231420525711026834210228428.mhd,96,256,256,1.25,0.7285159826278687,0.7285159826278687
subset1/1.3.6.1.4.1.14519.5.2.1.6279.6001.111017101339429664883879536171,data/drp_pairs/npz/subset1__1.3.6.1.4.1.14519.5.2.1.6279.6001.111017101339429664883879536171.npz,data/luna16/subset1/subset1/1.3.6.1.4.1.14519.5.2.1.6279.6001.111017101339429664883879536171.mhd,96,256,256,1.25,0.5859379768371582,0.5859379768371582
subset1/1.3.6.1.4.1.14519.5.2.1.6279.6001.113697708991260454310623082679,data/drp_pairs/npz/subset1__1.3.6.1.4.1.14519.5.2.1.6279.6001.113697708991260454310623082679.npz,data/luna16/subset1/subset1/1.3.6.1.4.1.14519.5.2.1.6279.6001.113697708991260454310623082679.mhd,96,256,256,2.5,0.78125,0.78125
subset1/1.3.6.1.4.1.14519.5.2.1.6279.6001.114218724025049818743426522343,data/drp_pairs/npz/subset1__1.3.6.1.4.1.14519.5.2.1.6279.6001.114218724025049818743426522343.npz,data/luna16/subset1/subset1/1.3.6.1.4.1.14519.5.2.1.6279.6001.114218724025049818743426522343.mhd,96,256,256,0.625,0.703125,0.703125
subset1/1.3.6.1.4.1.14519.5.2.1.6279.6001.121824995088859376862458155637,data/drp_pairs/npz/subset1__1.3.6.1.4.1.14519.5.2.1.6279.6001.121824995088859376862458155637.npz,data/luna16/subset1/subset1/1.3.6.1.4.1.14519.5.2.1.6279.6001.121824995088859376862458155637.mhd,96,256,256,1.7999999523162842,0.625,0.625
subset1/1.3.6.1.4.1.14519.5.2.1.6279.6001.128059192202504367870633619224,data/drp_pairs/npz/subset1__1.3.6.1.4.1.14519.5.2.1.6279.6001.128059192202504367870633619224.npz,data/luna16/subset1/subset1/1.3.6.1.4.1.14519.5.2.1.6279.6001.128059192202504367870633619224.mhd,96,256,256,2.5,0.703125,0.703125
subset1/1.3.6.1.4.1.14519.5.2.1.6279.6001.128881800399702510818644205032,data/drp_pairs/npz/subset1__1.3.6.1.4.1.14519.5.2.1.6279.6001.128881800399702510818644205032.npz,data/luna16/subset1/subset1/1.3.6.1.4.1.14519.5.2.1.6279.6001.128881800399702510818644205032.mhd,96,256,256,2.5,0.78125,0.78125
subset1/1.3.6.1.4.1.14519.5.2.1.6279.6001.134370886216012873213579659366,data/drp_pairs/npz/subset1__1.3.6.1.4.1.14519.5.2.1.6279.6001.134370886216012873213579659366.npz,data/luna16/subset1/subset1/1.3.6.1.4.1.14519.5.2.1.6279.6001.134370886216012873213579659366.mhd,96,256,256,1.7999999523162842,0.56640625,0.56640625
subset1/1.3.6.1.4.1.14519.5.2.1.6279.6001.139595277234735528205899724196,data/drp_pairs/npz/subset1__1.3.6.1.4.1.14519.5.2.1.6279.6001.139595277234735528205899724196.npz,data/luna16/subset1/subset1/1.3.6.1.4.1.14519.5.2.1.6279.6001.139595277234735528205899724196.mhd,96,256,256,1.7999999523162842,0.60546875,0.60546875
subset1/1.3.6.1.4.1.14519.5.2.1.6279.6001.140527383975300992150799777603,data/drp_pairs/npz/subset1__1.3.6.1.4.1.14519.5.2.1.6279.6001.140527383975300992150799777603.npz,data/luna16/subset1/subset1/1.3.6.1.4.1.14519.5.2.1.6279.6001.140527383975300992150799777603.mhd,96,256,256,2.5,0.703125,0.703125
subset1/1.3.6.1.4.1.14519.5.2.1.6279.6001.144943344795414353192059796098,data/drp_pairs/npz/subset1__1.3.6.1.4.1.14519.5.2.1.6279.6001.144943344795414353192059796098.npz,data/luna16/subset1/subset1/1.3.6.1.4.1.14519.5.2.1.6279.6001.144943344795414353192059796098.mhd,96,256,256,1.25,0.6367189884185791,0.6367189884185791
subset1/1.3.6.1.4.1.14519.5.2.1.6279.6001.145759169833745025756371695397,data/drp_pairs/npz/subset1__1.3.6.1.4.1.14519.5.2.1.6279.6001.145759169833745025756371695397.npz,data/luna16/subset1/subset1/1.3.6.1.4.1.14519.5.2.1.6279.6001.145759169833745025756371695397.mhd,96,256,256,2.0,0.625,0.625
subset1/1.3.6.1.4.1.14519.5.2.1.6279.6001.146603910507557786636779705509,data/drp_pairs/npz/subset1__1.3.6.1.4.1.14519.5.2.1.6279.6001.146603910507557786636779705509.npz,data/luna16/subset1/subset1/1.3.6.1.4.1.14519.5.2.1.6279.6001.146603910507557786636779705509.mhd,96,256,256,2.5,0.6445310115814209,0.6445310115814209
subset1/1.3.6.1.4.1.14519.5.2.1.6279.6001.152684536713461901635595118048,data/drp_pairs/npz/subset1__1.3.6.1.4.1.14519.5.2.1.6279.6001.152684536713461901635595118048.npz,data/luna16/subset1/subset1/1.3.6.1.4.1.14519.5.2.1.6279.6001.152684536713461901635595118048.mhd,96,256,256,2.0,0.6835939884185791,0.6835939884185791
subset1/1.3.6.1.4.1.14519.5.2.1.6279.6001.161002239822118346732951898613,data/drp_pairs/npz/subset1__1.3.6.1.4.1.14519.5.2.1.6279.6001.161002239822118346732951898613.npz,data/luna16/subset1/subset1/1.3.6.1.4.1.14519.5.2.1.6279.6001.161002239822118346732951898613.mhd,96,256,256,2.5,0.8203120231628418,0.8203120231628418
subset1/1.3.6.1.4.1.14519.5.2.1.6279.6001.161073793312426102774780216551,data/drp_pairs/npz/subset1__1.3.6.1.4.1.14519.5.2.1.6279.6001.161073793312426102774780216551.npz,data/luna16/subset1/subset1/1.3.6.1.4.1.14519.5.2.1.6279.6001.161073793312426102774780216551.mhd,96,256,256,2.5,0.78125,0.78125
subset1/1.3.6.1.4.1.14519.5.2.1.6279.6001.162207236104936931957809623059,data/drp_pairs/npz/subset1__1.3.6.1.4.1.14519.5.2.1.6279.6001.162207236104936931957809623059.npz,data/luna16/subset1/subset1/1.3.6.1.4.1.14519.5.2.1.6279.6001.162207236104936931957809623059.mhd,96,256,256,0.625,0.78125,0.78125
subset1/1.3.6.1.4.1.14519.5.2.1.6279.6001.162718361851587451505896742103,data/drp_pairs/npz/subset1__1.3.6.1.4.1.14519.5.2.1.6279.6001.162718361851587451505896742103.npz,data/luna16/subset1/subset1/1.3.6.1.4.1.14519.5.2.1.6279.6001.162718361851587451505896742103.mhd,96,256,256,2.5,0.703125,0.703125
subset1/1.3.6.1.4.1.14519.5.2.1.6279.6001.162901839201654862079549658100,data/drp_pairs/npz/subset1__1.3.6.1.4.1.14519.5.2.1.6279.6001.162901839201654862079549658100.npz,data/luna16/subset1/subset1/1.3.6.1.4.1.14519.5.2.1.6279.6001.162901839201654862079549658100.mhd,96,256,256,1.7999999523162842,0.60546875,0.60546875
subset1/1.3.6.1.4.1.14519.5.2.1.6279.6001.163994693532965040247348251579,data/drp_pairs/npz/subset1__1.3.6.1.4.1.14519.5.2.1.6279.6001.163994693532965040247348251579.npz,data/luna16/subset1/subset1/1.3.6.1.4.1.14519.5.2.1.6279.6001.163994693532965040247348251579.mhd,96,256,256,1.25,0.6152340173721313,0.6152340173721313
subset1/1.3.6.1.4.1.14519.5.2.1.6279.6001.168037818448885856452592057286,data/drp_pairs/npz/subset1__1.3.6.1.4.1.14519.5.2.1.6279.6001.168037818448885856452592057286.npz,data/luna16/subset1/subset1/1.3.6.1.4.1.14519.5.2.1.6279.6001.168037818448885856452592057286.mhd,96,256,256,0.5,0.689453125,0.689453125
subset1/1.3.6.1.4.1.14519.5.2.1.6279.6001.168605638657404145360275453085,data/drp_pairs/npz/subset1__1.3.6.1.4.1.14519.5.2.1.6279.6001.168605638657404145360275453085.npz,data/luna16/subset1/subset1/1.3.6.1.4.1.14519.5.2.1.6279.6001.168605638657404145360275453085.mhd,96,256,256,0.625,0.703125,0.703125
subset1/1.3.6.1.4.1.14519.5.2.1.6279.6001.169128136262002764211589185953,data/drp_pairs/npz/subset1__1.3.6.1.4.1.14519.5.2.1.6279.6001.169128136262002764211589185953.npz,data/luna16/subset1/subset1/1.3.6.1.4.1.14519.5.2.1.6279.6001.169128136262002764211589185953.mhd,96,256,256,1.25,0.7421879768371582,0.7421879768371582
subset1/1.3.6.1.4.1.14519.5.2.1.6279.6001.171919524048654494439256263785,data/drp_pairs/npz/subset1__1.3.6.1.4.1.14519.5.2.1.6279.6001.171919524048654494439256263785.npz,data/luna16/subset1/subset1/1.3.6.1.4.1.14519.5.2.1.6279.6001.171919524048654494439256263785.mhd,96,256,256,2.5,0.5839840173721313,0.5839840173721313
subset1/1.3.6.1.4.1.14519.5.2.1.6279.6001.173106154739244262091404659845,data/drp_pairs/npz/subset1__1.3.6.1.4.1.14519.5.2.1.6279.6001.173106154739244262091404659845.npz,data/luna16/subset1/subset1/1.3.6.1.4.1.14519.5.2.1.6279.6001.173106154739244262091404659845.mhd,96,256,256,2.5,0.7617189884185791,0.7617189884185791
subset1/1.3.6.1.4.1.14519.5.2.1.6279.6001.179049373636438705059720603192,data/drp_pairs/npz/subset1__1.3.6.1.4.1.14519.5.2.1.6279.6001.179049373636438705059720603192.npz,data/luna16/subset1/subset1/1.3.6.1.4.1.14519.5.2.1.6279.6001.179049373636438705059720603192.mhd,96,256,256,2.5,0.703125,0.703125
subset1/1.3.6.1.4.1.14519.5.2.1.6279.6001.179162671133894061547290922949,data/drp_pairs/npz/subset1__1.3.6.1.4.1.14519.5.2.1.6279.6001.179162671133894061547290922949.npz,data/luna16/subset1/subset1/1.3.6.1.4.1.14519.5.2.1.6279.6001.179162671133894061547290922949.mhd,96,256,256,0.75,0.67578125,0.67578125
subset1/1.3.6.1.4.1.14519.5.2.1.6279.6001.183184435049555024219115904825,data/drp_pairs/npz/subset1__1.3.6.1.4.1.14519.5.2.1.6279.6001.183184435049555024219115904825.npz,data/luna16/subset1/subset1/1.3.6.1.4.1.14519.5.2.1.6279.6001.183184435049555024219115904825.mhd,96,256,256,1.25,0.5664060115814209,0.5664060115814209
subset1/1.3.6.1.4.1.14519.5.2.1.6279.6001.183843376225716802567192412456,data/drp_pairs/npz/subset1__1.3.6.1.4.1.14519.5.2.1.6279.6001.183843376225716802567192412456.npz,data/luna16/subset1/subset1/1.3.6.1.4.1.14519.5.2.1.6279.6001.183843376225716802567192412456.mhd,96,256,256,2.5,0.859375,0.859375
subset1/1.3.6.1.4.1.14519.5.2.1.6279.6001.184019785706727365023450012318,data/drp_pairs/npz/subset1__1.3.6.1.4.1.14519.5.2.1.6279.6001.184019785706727365023450012318.npz,data/luna16/subset1/subset1/1.3.6.1.4.1.14519.5.2.1.6279.6001.184019785706727365023450012318.mhd,96,256,256,2.5,0.6484379768371582,0.6484379768371582
subset1/1.3.6.1.4.1.14519.5.2.1.6279.6001.186021279664749879526003668137,data/drp_pairs/npz/subset1__1.3.6.1.4.1.14519.5.2.1.6279.6001.186021279664749879526003668137.npz,data/luna16/subset1/subset1/1.3.6.1.4.1.14519.5.2.1.6279.6001.186021279664749879526003668137.mhd,96,256,256,2.5,0.7480469942092896,0.7480469942092896
subset1/1.3.6.1.4.1.14519.5.2.1.6279.6001.193408384740507320589857096592,data/drp_pairs/npz/subset1__1.3.6.1.4.1.14519.5.2.1.6279.6001.193408384740507320589857096592.npz,data/luna16/subset1/subset1/1.3.6.1.4.1.14519.5.2.1.6279.6001.193408384740507320589857096592.mhd,96,256,256,1.25,0.5136719942092896,0.5136719942092896
subset1/1.3.6.1.4.1.14519.5.2.1.6279.6001.193808128386712859512130599234,data/drp_pairs/npz/subset1__1.3.6.1.4.1.14519.5.2.1.6279.6001.193808128386712859512130599234.npz,data/luna16/subset1/subset1/1.3.6.1.4.1.14519.5.2.1.6279.6001.193808128386712859512130599234.mhd,96,256,256,2.5,0.78125,0.78125
subset1/1.3.6.1.4.1.14519.5.2.1.6279.6001.197987940182806628828566429132,data/drp_pairs/npz/subset1__1.3.6.1.4.1.14519.5.2.1.6279.6001.197987940182806628828566429132.npz,data/luna16/subset1/subset1/1.3.6.1.4.1.14519.5.2.1.6279.6001.197987940182806628828566429132.mhd,96,256,256,1.0,0.546875,0.546875
subset1/1.3.6.1.4.1.14519.5.2.1.6279.6001.200558451375970945040979397866,data/drp_pairs/npz/subset1__1.3.6.1.4.1.14519.5.2.1.6279.6001.200558451375970945040979397866.npz,data/luna16/subset1/subset1/1.3.6.1.4.1.14519.5.2.1.6279.6001.200558451375970945040979397866.mhd,96,256,256,1.25,0.703125,0.703125
subset1/1.3.6.1.4.1.14519.5.2.1.6279.6001.206539885154775002929031534291,data/drp_pairs/npz/subset1__1.3.6.1.4.1.14519.5.2.1.6279.6001.206539885154775002929031534291.npz,data/luna16/subset1/subset1/1.3.6.1.4.1.14519.5.2.1.6279.6001.206539885154775002929031534291.mhd,96,256,256,1.7999999523162842,0.703125,0.703125
subset1/1.3.6.1.4.1.14519.5.2.1.6279.6001.208737629504245244513001631764,data/drp_pairs/npz/subset1__1.3.6.1.4.1.14519.5.2.1.6279.6001.208737629504245244513001631764.npz,data/luna16/subset1/subset1/1.3.6.1.4.1.14519.5.2.1.6279.6001.208737629504245244513001631764.mhd,96,256,256,1.25,0.78125,0.78125
subset1/1.3.6.1.4.1.14519.5.2.1.6279.6001.216652640878960522552873394709,data/drp_pairs/npz/subset1__1.3.6.1.4.1.14519.5.2.1.6279.6001.216652640878960522552873394709.npz,data/luna16/subset1/subset1/1.3.6.1.4.1.14519.5.2.1.6279.6001.216652640878960522552873394709.mhd,96,256,256,2.500000238418579,0.5644530057907104,0.5644530057907104
subset1/1.3.6.1.4.1.14519.5.2.1.6279.6001.222087811960706096424718056430,data/drp_pairs/npz/subset1__1.3.6.1.4.1.14519.5.2.1.6279.6001.222087811960706096424718056430.npz,data/luna16/subset1/subset1/1.3.6.1.4.1.14519.5.2.1.6279.6001.222087811960706096424718056430.mhd,96,256,256,0.625,0.625,0.625
subset1/1.3.6.1.4.1.14519.5.2.1.6279.6001.226456162308124493341905600418,data/drp_pairs/npz/subset1__1.3.6.1.4.1.14519.5.2.1.6279.6001.226456162308124493341905600418.npz,data/luna16/subset1/subset1/1.3.6.1.4.1.14519.5.2.1.6279.6001.226456162308124493341905600418.mhd,96,256,256,1.25,0.5898439884185791,0.5898439884185791
subset1/1.3.6.1.4.1.14519.5.2.1.6279.6001.231002159523969307155990628066,data/drp_pairs/npz/subset1__1.3.6.1.4.1.14519.5.2.1.6279.6001.231002159523969307155990628066.npz,data/luna16/subset1/subset1/1.3.6.1.4.1.14519.5.2.1.6279.6001.231002159523969307155990628066.mhd,96,256,256,1.25,0.6640620231628418,0.6640620231628418
subset1/1.3.6.1.4.1.14519.5.2.1.6279.6001.231834776365874788440767645596,data/drp_pairs/npz/subset1__1.3.6.1.4.1.14519.5.2.1.6279.6001.231834776365874788440767645596.npz,data/luna16/subset1/subset1/1.3.6.1.4.1.14519.5.2.1.6279.6001.231834776365874788440767645596.mhd,96,256,256,0.6249999403953552,0.625,0.625
subset1/1.3.6.1.4.1.14519.5.2.1.6279.6001.243094273518213382155770295147,data/drp_pairs/npz/subset1__1.3.6.1.4.1.14519.5.2.1.6279.6001.243094273518213382155770295147.npz,data/luna16/subset1/subset1/1.3.6.1.4.1.14519.5.2.1.6279.6001.243094273518213382155770295147.mhd,96,256,256,2.5,0.78125,0.78125
subset1/1.3.6.1.4.1.14519.5.2.1.6279.6001.247769845138587733933485039556,data/drp_pairs/npz/subset1__1.3.6.1.4.1.14519.5.2.1.6279.6001.247769845138587733933485039556.npz,data/luna16/subset1/subset1/1.3.6.1.4.1.14519.5.2.1.6279.6001.247769845138587733933485039556.mhd,96,256,256,0.625,0.703125,0.703125
subset1/1.3.6.1.4.1.14519.5.2.1.6279.6001.250397690690072950000431855143,data/drp_pairs/npz/subset1__1.3.6.1.4.1.14519.5.2.1.6279.6001.250397690690072950000431855143.npz,data/luna16/subset1/subset1/1.3.6.1.4.1.14519.5.2.1.6279.6001.250397690690072950000431855143.mhd,96,256,256,1.25,0.7617189884185791,0.7617189884185791
subset1/1.3.6.1.4.1.14519.5.2.1.6279.6001.259018373683540453277752706262,data/drp_pairs/npz/subset1__1.3.6.1.4.1.14519.5.2.1.6279.6001.259018373683540453277752706262.npz,data/luna16/subset1/subset1/1.3.6.1.4.1.14519.5.2.1.6279.6001.259018373683540453277752706262.mhd,96,256,256,2.5,0.7226560115814209,0.7226560115814209
subset1/1.3.6.1.4.1.14519.5.2.1.6279.6001.259543921154154401875872845498,data/drp_pairs/npz/subset1__1.3.6.1.4.1.14519.5.2.1.6279.6001.259543921154154401875872845498.npz,data/luna16/subset1/subset1/1.3.6.1.4.1.14519.5.2.1.6279.6001.259543921154154401875872845498.mhd,96,256,256,0.625,0.703125,0.703125
subset1/1.3.6.1.4.1.14519.5.2.1.6279.6001.270390050141765094612147226290,data/drp_pairs/npz/subset1__1.3.6.1.4.1.14519.5.2.1.6279.6001.270390050141765094612147226290.npz,data/luna16/subset1/subset1/1.3.6.1.4.1.14519.5.2.1.6279.6001.270390050141765094612147226290.mhd,96,256,256,2.5,0.78125,0.78125
subset1/1.3.6.1.4.1.14519.5.2.1.6279.6001.272961322147784625028175033640,data/drp_pairs/npz/subset1__1.3.6.1.4.1.14519.5.2.1.6279.6001.272961322147784625028175033640.npz,data/luna16/subset1/subset1/1.3.6.1.4.1.14519.5.2.1.6279.6001.272961322147784625028175033640.mhd,96,256,256,2.5,0.6640620231628418,0.6640620231628418
subset1/1.3.6.1.4.1.14519.5.2.1.6279.6001.275766318636944297772360944907,data/drp_pairs/npz/subset1__1.3.6.1.4.1.14519.5.2.1.6279.6001.275766318636944297772360944907.npz,data/luna16/subset1/subset1/1.3.6.1.4.1.14519.5.2.1.6279.6001.275766318636944297772360944907.mhd,96,256,256,0.625,0.703125,0.703125
subset1/1.3.6.1.4.1.14519.5.2.1.6279.6001.282512043257574309474415322775,data/drp_pairs/npz/subset1__1.3.6.1.4.1.14519.5.2.1.6279.6001.282512043257574309474415322775.npz,data/luna16/subset1/subset1/1.3.6.1.4.1.14519.5.2.1.6279.6001.282512043257574309474415322775.mhd,96,256,256,1.25,0.7617189884185791,0.7617189884185791
subset1/1.3.6.1.4.1.14519.5.2.1.6279.6001.286647622786041008124419915089,data/drp_pairs/npz/subset1__1.3.6.1.4.1.14519.5.2.1.6279.6001.286647622786041008124419915089.npz,data/luna16/subset1/subset1/1.3.6.1.4.1.14519.5.2.1.6279.6001.286647622786041008124419915089.mhd,96,256,256,1.25,0.7226560115814209,0.7226560115814209
subset1/1.3.6.1.4.1.14519.5.2.1.6279.6001.287966244644280690737019247886,data/drp_pairs/npz/subset1__1.3.6.1.4.1.14519.5.2.1.6279.6001.287966244644280690737019247886.npz,data/luna16/subset1/subset1/1.3.6.1.4.1.14519.5.2.1.6279.6001.287966244644280690737019247886.mhd,96,256,256,2.5,0.8203120231628418,0.8203120231628418
subset1/1.3.6.1.4.1.14519.5.2.1.6279.6001.300271604576987336866436407488,data/drp_pairs/npz/subset1__1.3.6.1.4.1.14519.5.2.1.6279.6001.300271604576987336866436407488.npz,data/luna16/subset1/subset1/1.3.6.1.4.1.14519.5.2.1.6279.6001.300271604576987336866436407488.mhd,96,256,256,1.7999999523162842,0.58984375,0.58984375
subset1/1.3.6.1.4.1.14519.5.2.1.6279.6001.306948744223170422945185006551,data/drp_pairs/npz/subset1__1.3.6.1.4.1.14519.5.2.1.6279.6001.306948744223170422945185006551.npz,data/luna16/subset1/subset1/1.3.6.1.4.1.14519.5.2.1.6279.6001.306948744223170422945185006551.mhd,96,256,256,2.5,0.703125,0.703125
subset1/1.3.6.1.4.1.14519.5.2.1.6279.6001.308183340111270052562662456038,data/drp_pairs/npz/subset1__1.3.6.1.4.1.14519.5.2.1.6279.6001.308183340111270052562662456038.npz,data/luna16/subset1/subset1/1.3.6.1.4.1.14519.5.2.1.6279.6001.308183340111270052562662456038.mhd,96,256,256,2.5,0.5859379768371582,0.5859379768371582
subset1/1.3.6.1.4.1.14519.5.2.1.6279.6001.309672797925724868457151381131,data/drp_pairs/npz/subset1__1.3.6.1.4.1.14519.5.2.1.6279.6001.309672797925724868457151381131.npz,data/luna16/subset1/subset1/1.3.6.1.4.1.14519.5.2.1.6279.6001.309672797925724868457151381131.mhd,96,256,256,1.0,0.546875,0.546875
subset1/1.3.6.1.4.1.14519.5.2.1.6279.6001.310395752124284049604069960014,data/drp_pairs/npz/subset1__1.3.6.1.4.1.14519.5.2.1.6279.6001.310395752124284049604069960014.npz,data/luna16/subset1/subset1/1.3.6.1.4.1.14519.5.2.1.6279.6001.310395752124284049604069960014.mhd,96,256,256,2.5,0.6640620231628418,0.6640620231628418
subset1/1.3.6.1.4.1.14519.5.2.1.6279.6001.314789075871001236641548593165,data/drp_pairs/npz/subset1__1.3.6.1.4.1.14519.5.2.1.6279.6001.314789075871001236641548593165.npz,data/luna16/subset1/subset1/1.3.6.1.4.1.14519.5.2.1.6279.6001.314789075871001236641548593165.mhd,96,256,256,1.7999999523162842,0.72265625,0.72265625
subset1/1.3.6.1.4.1.14519.5.2.1.6279.6001.315214756157389122376518747372,data/drp_pairs/npz/subset1__1.3.6.1.4.1.14519.5.2.1.6279.6001.315214756157389122376518747372.npz,data/luna16/subset1/subset1/1.3.6.1.4.1.14519.5.2.1.6279.6001.315214756157389122376518747372.mhd,96,256,256,1.25,0.828125,0.828125
subset1/1.3.6.1.4.1.14519.5.2.1.6279.6001.325164338773720548739146851679,data/drp_pairs/npz/subset1__1.3.6.1.4.1.14519.5.2.1.6279.6001.325164338773720548739146851679.npz,data/luna16/subset1/subset1/1.3.6.1.4.1.14519.5.2.1.6279.6001.325164338773720548739146851679.mhd,96,256,256,0.625,0.546875,0.546875
subset1/1.3.6.1.4.1.14519.5.2.1.6279.6001.326057189095429101398977448288,data/drp_pairs/npz/subset1__1.3.6.1.4.1.14519.5.2.1.6279.6001.326057189095429101398977448288.npz,data/luna16/subset1/subset1/1.3.6.1.4.1.14519.5.2.1.6279.6001.326057189095429101398977448288.mhd,96,256,256,1.0,0.64453125,0.64453125
subset1/1.3.6.1.4.1.14519.5.2.1.6279.6001.331211682377519763144559212009,data/drp_pairs/npz/subset1__1.3.6.1.4.1.14519.5.2.1.6279.6001.331211682377519763144559212009.npz,data/luna16/subset1/subset1/1.3.6.1.4.1.14519.5.2.1.6279.6001.331211682377519763144559212009.mhd,96,256,256,2.5,0.5664060115814209,0.5664060115814209
subset1/1.3.6.1.4.1.14519.5.2.1.6279.6001.334105754605642100456249422350,data/drp_pairs/npz/subset1__1.3.6.1.4.1.14519.5.2.1.6279.6001.334105754605642100456249422350.npz,data/luna16/subset1/subset1/1.3.6.1.4.1.14519.5.2.1.6279.6001.334105754605642100456249422350.mhd,96,256,256,1.25,0.5859379768371582,0.5859379768371582
subset1/1.3.6.1.4.1.14519.5.2.1.6279.6001.335866409407244673864352309754,data/drp_pairs/npz/subset1__1.3.6.1.4.1.14519.5.2.1.6279.6001.335866409407244673864352309754.npz,data/luna16/subset1/subset1/1.3.6.1.4.1.14519.5.2.1.6279.6001.335866409407244673864352309754.mhd,96,256,256,1.0,0.625,0.625
subset1/1.3.6.1.4.1.14519.5.2.1.6279.6001.336894364358709782463716339027,data/drp_pairs/npz/subset1__1.3.6.1.4.1.14519.5.2.1.6279.6001.336894364358709782463716339027.npz,data/luna16/subset1/subset1/1.3.6.1.4.1.14519.5.2.1.6279.6001.336894364358709782463716339027.mhd,96,256,256,0.625,0.703125,0.703125
subset1/1.3.6.1.4.1.14519.5.2.1.6279.6001.458525794434429386945463560826,data/drp_pairs/npz/subset1__1.3.6.1.4.1.14519.5.2.1.6279.6001.458525794434429386945463560826.npz,data/luna16/subset1/subset1/1.3.6.1.4.1.14519.5.2.1.6279.6001.458525794434429386945463560826.mhd,96,256,256,0.625,0.7421879768371582,0.7421879768371582
subset1/1.3.6.1.4.1.14519.5.2.1.6279.6001.479402560265137632920333093071,data/drp_pairs/npz/subset1__1.3.6.1.4.1.14519.5.2.1.6279.6001.479402560265137632920333093071.npz,data/luna16/subset1/subset1/1.3.6.1.4.1.14519.5.2.1.6279.6001.479402560265137632920333093071.mhd,96,256,256,1.25,0.7871090173721313,0.7871090173721313
subset1/1.3.6.1.4.1.14519.5.2.1.6279.6001.503980049263254396021509831276,data/drp_pairs/npz/subset1__1.3.6.1.4.1.14519.5.2.1.6279.6001.503980049263254396021509831276.npz,data/luna16/subset1/subset1/1.3.6.1.4.1.14519.5.2.1.6279.6001.503980049263254396021509831276.mhd,96,256,256,2.5,0.7421879768371582,0.7421879768371582
subset1/1.3.6.1.4.1.14519.5.2.1.6279.6001.561458563853929400124470098603,data/drp_pairs/npz/subset1__1.3.6.1.4.1.14519.5.2.1.6279.6001.561458563853929400124470098603.npz,data/luna16/subset1/subset1/1.3.6.1.4.1.14519.5.2.1.6279.6001.561458563853929400124470098603.mhd,96,256,256,2.0,0.5859379768371582,0.5859379768371582
subset1/1.3.6.1.4.1.14519.5.2.1.6279.6001.616033753016904899083676284739,data/drp_pairs/npz/subset1__1.3.6.1.4.1.14519.5.2.1.6279.6001.616033753016904899083676284739.npz,data/luna16/subset1/subset1/1.3.6.1.4.1.14519.5.2.1.6279.6001.616033753016904899083676284739.mhd,96,256,256,2.5,0.703125,0.703125
subset1/1.3.6.1.4.1.14519.5.2.1.6279.6001.655242448149322898770987310561,data/drp_pairs/npz/subset1__1.3.6.1.4.1.14519.5.2.1.6279.6001.655242448149322898770987310561.npz,data/luna16/subset1/subset1/1.3.6.1.4.1.14519.5.2.1.6279.6001.655242448149322898770987310561.mhd,96,256,256,2.5,0.703125,0.703125
subset1/1.3.6.1.4.1.14519.5.2.1.6279.6001.663019255629770796363333877035,data/drp_pairs/npz/subset1__1.3.6.1.4.1.14519.5.2.1.6279.6001.663019255629770796363333877035.npz,data/luna16/subset1/subset1/1.3.6.1.4.1.14519.5.2.1.6279.6001.663019255629770796363333877035.mhd,96,256,256,1.0000001192092896,0.583984375,0.583984375
subset1/1.3.6.1.4.1.14519.5.2.1.6279.6001.674809958213117379592437424616,data/drp_pairs/npz/subset1__1.3.6.1.4.1.14519.5.2.1.6279.6001.674809958213117379592437424616.npz,data/luna16/subset1/subset1/1.3.6.1.4.1.14519.5.2.1.6279.6001.674809958213117379592437424616.mhd,96,256,256,2.5,0.734375,0.734375
subset1/1.3.6.1.4.1.14519.5.2.1.6279.6001.690929968028676628605553365896,data/drp_pairs/npz/subset1__1.3.6.1.4.1.14519.5.2.1.6279.6001.690929968028676628605553365896.npz,data/luna16/subset1/subset1/1.3.6.1.4.1.14519.5.2.1.6279.6001.690929968028676628605553365896.mhd,96,256,256,2.0,0.7226560115814209,0.7226560115814209
subset1/1.3.6.1.4.1.14519.5.2.1.6279.6001.756684168227383088294595834066,data/drp_pairs/npz/subset1__1.3.6.1.4.1.14519.5.2.1.6279.6001.756684168227383088294595834066.npz,data/luna16/subset1/subset1/1.3.6.1.4.1.14519.5.2.1.6279.6001.756684168227383088294595834066.mhd,96,256,256,1.0,0.56640625,0.56640625
subset1/1.3.6.1.4.1.14519.5.2.1.6279.6001.768276876111112560631432843476,data/drp_pairs/npz/subset1__1.3.6.1.4.1.14519.5.2.1.6279.6001.768276876111112560631432843476.npz,data/luna16/subset1/subset1/1.3.6.1.4.1.14519.5.2.1.6279.6001.768276876111112560631432843476.mhd,96,256,256,0.699999988079071,0.51953125,0.51953125
subset1/1.3.6.1.4.1.14519.5.2.1.6279.6001.801945620899034889998809817499,data/drp_pairs/npz/subset1__1.3.6.1.4.1.14519.5.2.1.6279.6001.801945620899034889998809817499.npz,data/luna16/subset1/subset1/1.3.6.1.4.1.14519.5.2.1.6279.6001.801945620899034889998809817499.mhd,96,256,256,1.25,0.703125,0.703125
subset1/1.3.6.1.4.1.14519.5.2.1.6279.6001.802595762867498341201607992711,data/drp_pairs/npz/subset1__1.3.6.1.4.1.14519.5.2.1.6279.6001.802595762867498341201607992711.npz,data/luna16/subset1/subset1/1.3.6.1.4.1.14519.5.2.1.6279.6001.802595762867498341201607992711.mhd,96,256,256,2.5,0.7265620231628418,0.7265620231628418
subset1/1.3.6.1.4.1.14519.5.2.1.6279.6001.861997885565255340442123234170,data/drp_pairs/npz/subset1__1.3.6.1.4.1.14519.5.2.1.6279.6001.861997885565255340442123234170.npz,data/luna16/subset1/subset1/1.3.6.1.4.1.14519.5.2.1.6279.6001.861997885565255340442123234170.mhd,96,256,256,2.5,0.7421879768371582,0.7421879768371582
subset1/1.3.6.1.4.1.14519.5.2.1.6279.6001.888291896309937415860209787179,data/drp_pairs/npz/subset1__1.3.6.1.4.1.14519.5.2.1.6279.6001.888291896309937415860209787179.npz,data/luna16/subset1/subset1/1.3.6.1.4.1.14519.5.2.1.6279.6001.888291896309937415860209787179.mhd,96,256,256,1.25,0.703125,0.703125
subset1/1.3.6.1.4.1.14519.5.2.1.6279.6001.892375496445736188832556446335,data/drp_pairs/npz/subset1__1.3.6.1.4.1.14519.5.2.1.6279.6001.892375496445736188832556446335.npz,data/luna16/subset1/subset1/1.3.6.1.4.1.14519.5.2.1.6279.6001.892375496445736188832556446335.mhd,96,256,256,1.25,0.6640620231628418,0.6640620231628418
subset1/1.3.6.1.4.1.14519.5.2.1.6279.6001.910607280658963002048724648683,data/drp_pairs/npz/subset1__1.3.6.1.4.1.14519.5.2.1.6279.6001.910607280658963002048724648683.npz,data/luna16/subset1/subset1/1.3.6.1.4.1.14519.5.2.1.6279.6001.910607280658963002048724648683.mhd,96,256,256,1.0000001192092896,0.76953125,0.76953125
subset1/1.3.6.1.4.1.14519.5.2.1.6279.6001.935683764293840351008008793409,data/drp_pairs/npz/subset1__1.3.6.1.4.1.14519.5.2.1.6279.6001.935683764293840351008008793409.npz,data/luna16/subset1/subset1/1.3.6.1.4.1.14519.5.2.1.6279.6001.935683764293840351008008793409.mhd,96,256,256,1.25,0.625,0.625
subset1/1.3.6.1.4.1.14519.5.2.1.6279.6001.952265563663939823135367733681,data/drp_pairs/npz/subset1__1.3.6.1.4.1.14519.5.2.1.6279.6001.952265563663939823135367733681.npz,data/luna16/subset1/subset1/1.3.6.1.4.1.14519.5.2.1.6279.6001.952265563663939823135367733681.mhd,96,256,256,0.5,0.49609375,0.49609375
subset1/1.3.6.1.4.1.14519.5.2.1.6279.6001.970264865033574190975654369557,data/drp_pairs/npz/subset1__1.3.6.1.4.1.14519.5.2.1.6279.6001.970264865033574190975654369557.npz,data/luna16/subset1/subset1/1.3.6.1.4.1.14519.5.2.1.6279.6001.970264865033574190975654369557.mhd,96,256,256,0.625,0.546875,0.546875
subset2/1.3.6.1.4.1.14519.5.2.1.6279.6001.100621383016233746780170740405,data/drp_pairs/npz/subset2__1.3.6.1.4.1.14519.5.2.1.6279.6001.100621383016233746780170740405.npz,data/luna16/subset2/subset2/1.3.6.1.4.1.14519.5.2.1.6279.6001.100621383016233746780170740405.mhd,96,256,256,1.0,0.556640625,0.556640625
subset2/1.3.6.1.4.1.14519.5.2.1.6279.6001.102133688497886810253331438797,data/drp_pairs/npz/subset2__1.3.6.1.4.1.14519.5.2.1.6279.6001.102133688497886810253331438797.npz,data/luna16/subset2/subset2/1.3.6.1.4.1.14519.5.2.1.6279.6001.102133688497886810253331438797.mhd,96,256,256,1.0,0.626953125,0.626953125
subset2/1.3.6.1.4.1.14519.5.2.1.6279.6001.113586291551175790743673929831,data/drp_pairs/npz/subset2__1.3.6.1.4.1.14519.5.2.1.6279.6001.113586291551175790743673929831.npz,data/luna16/subset2/subset2/1.3.6.1.4.1.14519.5.2.1.6279.6001.113586291551175790743673929831.mhd,96,256,256,0.625,0.703125,0.703125
subset2/1.3.6.1.4.1.14519.5.2.1.6279.6001.116492508532884962903000261147,data/drp_pairs/npz/subset2__1.3.6.1.4.1.14519.5.2.1.6279.6001.116492508532884962903000261147.npz,data/luna16/subset2/subset2/1.3.6.1.4.1.14519.5.2.1.6279.6001.116492508532884962903000261147.mhd,96,256,256,2.5,0.6289060115814209,0.6289060115814209
subset2/1.3.6.1.4.1.14519.5.2.1.6279.6001.117383608379722740629083782428,data/drp_pairs/npz/subset2__1.3.6.1.4.1.14519.5.2.1.6279.6001.117383608379722740629083782428.npz,data/luna16/subset2/subset2/1.3.6.1.4.1.14519.5.2.1.6279.6001.117383608379722740629083782428.mhd,96,256,256,2.5,0.6640620231628418,0.6640620231628418
subset2/1.3.6.1.4.1.14519.5.2.1.6279.6001.121993590721161347818774929286,data/drp_pairs/npz/subset2__1.3.6.1.4.1.14519.5.2.1.6279.6001.121993590721161347818774929286.npz,data/luna16/subset2/subset2/1.3.6.1.4.1.14519.5.2.1.6279.6001.121993590721161347818774929286.mhd,96,256,256,2.5,0.6640620231628418,0.6640620231628418
subset2/1.3.6.1.4.1.14519.5.2.1.6279.6001.124663713663969377020085460568,data/drp_pairs/npz/subset2__1.3.6.1.4.1.14519.5.2.1.6279.6001.124663713663969377020085460568.npz,data/luna16/subset2/subset2/1.3.6.1.4.1.14519.5.2.1.6279.6001.124663713663969377020085460568.mhd,96,256,256,2.5,0.859375,0.859375
subset2/1.3.6.1.4.1.14519.5.2.1.6279.6001.126704785377921920210612476953,data/drp_pairs/npz/subset2__1.3.6.1.4.1.14519.5.2.1.6279.6001.126704785377921920210612476953.npz,data/luna16/subset2/subset2/1.3.6.1.4.1.14519.5.2.1.6279.6001.126704785377921920210612476953.mhd,96,256,256,1.25,0.5761719942092896,0.5761719942092896
subset2/1.3.6.1.4.1.14519.5.2.1.6279.6001.133378195429627807109985347209,data/drp_pairs/npz/subset2__1.3.6.1.4.1.14519.5.2.1.6279.6001.133378195429627807109985347209.npz,data/luna16/subset2/subset2/1.3.6.1.4.1.14519.5.2.1.6279.6001.133378195429627807109985347209.mhd,96,256,256,1.25,0.7421879768371582,0.7421879768371582
subset2/1.3.6.1.4.1.14519.5.2.1.6279.6001.137375498893536422914241295628,data/drp_pairs/npz/subset2__1.3.6.1.4.1.14519.5.2.1.6279.6001.137375498893536422914241295628.npz,data/luna16/subset2/subset2/1.3.6.1.4.1.14519.5.2.1.6279.6001.137375498893536422914241295628.mhd,96,256,256,1.7999999523162842,0.6640625,0.6640625
subset2/1.3.6.1.4.1.14519.5.2.1.6279.6001.139444426690868429919252698606,data/drp_pairs/npz/subset2__1.3.6.1.4.1.14519.5.2.1.6279.6001.139444426690868429919252698606.npz,data/luna16/subset2/subset2/1.3.6.1.4.1.14519.5.2.1.6279.6001.139444426690868429919252698606.mhd,96,256,256,0.699999988079071,0.55859375,0.55859375
subset2/1.3.6.1.4.1.14519.5.2.1.6279.6001.142485715518010940961688015191,data/drp_pairs/npz/subset2__1.3.6.1.4.1.14519.5.2.1.6279.6001.142485715518010940961688015191.npz,data/luna16/subset2/subset2/1.3.6.1.4.1.14519.5.2.1.6279.6001.142485715518010940961688015191.mhd,96,256,256,1.0,0.6640625,0.6640625
subset2/1.3.6.1.4.1.14519.5.2.1.6279.6001.143412474064515942785157561636,data/drp_pairs/npz/subset2__1.3.6.1.4.1.14519.5.2.1.6279.6001.143412474064515942785157561636.npz,data/luna16/subset2/subset2/1.3.6.1.4.1.14519.5.2.1.6279.6001.143412474064515942785157561636.mhd,96,256,256,0.625,0.625,0.625
subset2/1.3.6.1.4.1.14519.5.2.1.6279.6001.144883090372691745980459537053,data/drp_pairs/npz/subset2__1.3.6.1.4.1.14519.5.2.1.6279.6001.144883090372691745980459537053.npz,data/luna16/subset2/subset2/1.3.6.1.4.1.14519.5.2.1.6279.6001.144883090372691745980459537053.mhd,96,256,256,1.25,0.6269530057907104,0.6269530057907104
subset2/1.3.6.1.4.1.14519.5.2.1.6279.6001.147250707071097813243473865421,data/drp_pairs/npz/subset2__1.3.6.1.4.1.14519.5.2.1.6279.6001.147250707071097813243473865421.npz,data/luna16/subset2/subset2/1.3.6.1.4.1.14519.5.2.1.6279.6001.147250707071097813243473865421.mhd,96,256,256,0.625,0.6445310115814209,0.6445310115814209
subset2/1.3.6.1.4.1.14519.5.2.1.6279.6001.153536305742006952753134773630,data/drp_pairs/npz/subset2__1.3.6.1.4.1.14519.5.2.1.6279.6001.153536305742006952753134773630.npz,data/luna16/subset2/subset2/1.3.6.1.4.1.14519.5.2.1.6279.6001.153536305742006952753134773630.mhd,96,256,256,2.5,0.5859379768371582,0.5859379768371582
subset2/1.3.6.1.4.1.14519.5.2.1.6279.6001.156322145453198768801776721493,data/drp_pairs/npz/subset2__1.3.6.1.4.1.14519.5.2.1.6279.6001.156322145453198768801776721493.npz,data/luna16/subset2/subset2/1.3.6.1.4.1.14519.5.2.1.6279.6001.156322145453198768801776721493.mhd,96,256,256,0.625,0.6640620231628418,0.6640620231628418
subset2/1.3.6.1.4.1.14519.5.2.1.6279.6001.156579001330474859527530187095,data/drp_pairs/npz/subset2__1.3.6.1.4.1.14519.5.2.1.6279.6001.156579001330474859527530187095.npz,data/luna16/subset2/subset2/1.3.6.1.4.1.14519.5.2.1.6279.6001.156579001330474859527530187095.mhd,96,256,256,0.625,0.625,0.625
subset2/1.3.6.1.4.1.14519.5.2.1.6279.6001.159521777966998275980367008904,data/drp_pairs/npz/subset2__1.3.6.1.4.1.14519.5.2.1.6279.6001.159521777966998275980367008904.npz,data/luna16/subset2/subset2/1.3.6.1.4.1.14519.5.2.1.6279.6001.159521777966998275980367008904.mhd,96,256,256,2.5,0.5859379768371582,0.5859379768371582
subset2/1.3.6.1.4.1.14519.5.2.1.6279.6001.159996104466052855396410079250,data/drp_pairs/npz/subset2__1.3.6.1.4.1.14519.5.2.1.6279.6001.159996104466052855396410079250.npz,data/luna16/subset2/subset2/1.3.6.1.4.1.14519.5.2.1.6279.6001.159996104466052855396410079250.mhd,96,256,256,1.25,0.6445310115814209,0.6445310115814209
subset2/1.3.6.1.4.1.14519.5.2.1.6279.6001.163901773171373940247829492387,data/drp_pairs/npz/subset2__1.3.6.1.4.1.14519.5.2.1.6279.6001.163901773171373940247829492387.npz,data/luna16/subset2/subset2/1.3.6.1.4.1.14519.5.2.1.6279.6001.163901773171373940247829492387.mhd,96,256,256,1.0,0.666015625,0.666015625
subset2/1.3.6.1.4.1.14519.5.2.1.6279.6001.172845185165807139298420209778,data/drp_pairs/npz/subset2__1.3.6.1.4.1.14519.5.2.1.6279.6001.172845185165807139298420209778.npz,data/luna16/subset2/subset2/1.3.6.1.4.1.14519.5.2.1.6279.6001.172845185165807139298420209778.mhd,96,256,256,1.25,0.703125,0.703125
