case_id,npz_path,mhd_path,z,y,x,spacing_z,spacing_y,spacing_x,split
subset0/1.3.6.1.4.1.14519.5.2.1.6279.6001.105756658031515062000744821260,runs/run_final/data1/drr_pairs/npz/subset0__1.3.6.1.4.1.14519.5.2.1.6279.6001.105756658031515062000744821260.npz,data/luna16/subset0/subset0/1.3.6.1.4.1.14519.5.2.1.6279.6001.105756658031515062000744821260.mhd,96,256,256,3.1510416666666665,1.5234379768371582,1.5234379768371582,train
subset0/1.3.6.1.4.1.14519.5.2.1.6279.6001.108197895896446896160048741492,runs/run_final/data1/drr_pairs/npz/subset0__1.3.6.1.4.1.14519.5.2.1.6279.6001.108197895896446896160048741492.npz,data/luna16/subset0/subset0/1.3.6.1.4.1.14519.5.2.1.6279.6001.108197895896446896160048741492.mhd,96,256,256,3.0989583333333335,1.4843759536743164,1.4843759536743164,train
subset0/1.3.6.1.4.1.14519.5.2.1.6279.6001.109002525524522225658609808059,runs/run_final/data1/drr_pairs/npz/subset0__1.3.6.1.4.1.14519.5.2.1.6279.6001.109002525524522225658609808059.npz,data/luna16/subset0/subset0/1.3.6.1.4.1.14519.5.2.1.6279.6001.109002525524522225658609808059.mhd,96,256,256,2.0963541666666665,1.097656011581421,1.097656011581421,train
subset0/1.3.6.1.4.1.14519.5.2.1.6279.6001.111172165674661221381920536987,runs/run_final/data1/drr_pairs/npz/subset0__1.3.6.1.4.1.14519.5.2.1.6279.6001.111172165674661221381920536987.npz,data/luna16/subset0/subset0/1.3.6.1.4.1.14519.5.2.1.6279.6001.111172165674661221381920536987.mhd,96,256,256,3.5026041666666665,1.4843759536743164,1.4843759536743164,train
subset0/1.3.6.1.4.1.14519.5.2.1.6279.6001.122763913896761494371822656720,runs/run_final/data1/drr_pairs/npz/subset0__1.3.6.1.4.1.14519.5.2.1.6279.6001.122763913896761494371822656720.npz,data/luna16/subset0/subset0/1.3.6.1.4.1.14519.5.2.1.6279.6001.122763913896761494371822656720.mhd,96,256,256,3.2291666666666665,1.2304680347442627,1.2304680347442627,train
subset0/1.3.6.1.4.1.14519.5.2.1.6279.6001.124154461048929153767743874565,runs/run_final/data1/drr_pairs/npz/subset0__1.3.6.1.4.1.14519.5.2.1.6279.6001.124154461048929153767743874565.npz,data/luna16/subset0/subset0/1.3.6.1.4.1.14519.5.2.1.6279.6001.124154461048929153767743874565.mhd,96,256,256,3.6562499031424522,1.4453125,1.4453125,train
subset0/1.3.6.1.4.1.14519.5.2.1.6279.6001.126121460017257137098781143514,runs/run_final/data1/drr_pairs/npz/subset0__1.3.6.1.4.1.14519.5.2.1.6279.6001.126121460017257137098781143514.npz,data/luna16/subset0/subset0/1.3.6.1.4.1.14519.5.2.1.6279.6001.126121460017257137098781143514.mhd,96,256,256,3.4635416666666665,1.1132819652557373,1.1132819652557373,train
subset0/1.3.6.1.4.1.14519.5.2.1.6279.6001.128023902651233986592378348912,runs/run_final/data1/drr_pairs/npz/subset0__1.3.6.1.4.1.14519.5.2.1.6279.6001.128023902651233986592378348912.npz,data/luna16/subset0/subset0/1.3.6.1.4.1.14519.5.2.1.6279.6001.128023902651233986592378348912.mhd,96,256,256,3.4635416666666665,1.40625,1.40625,train
subset0/1.3.6.1.4.1.14519.5.2.1.6279.6001.129055977637338639741695800950,runs/run_final/data1/drr_pairs/npz/subset0__1.3.6.1.4.1.14519.5.2.1.6279.6001.129055977637338639741695800950.npz,data/luna16/subset0/subset0/1.3.6.1.4.1.14519.5.2.1.6279.6001.129055977637338639741695800950.mhd,96,256,256,3.521874940022826,1.234375,1.234375,train
